Criterio,Weight
Alumbrado publico,0.1358735961799064
Area o zona,0.1239410757476821
Direccion del viento,0.08943504069816771
Distancia al gateway,0.04461299690331019
Fuente de exposicion,0.0924639910878773
Linea de vista,0.04870768225951144
Nodos por gateway,0.1730795397639479
Proximidad a la carretera,0.07138125365977585
Proximidad a la mina,0.0690307302916024
Proximidad a la via ferrea,0.07784928575775298
Velocidad del viento,0.07362480765046585
